Model,Brand
Amazon Fire Phone,Amazon
Asus PadFone,Asus
Asus PadFone 2,Asus
Asus PadFone Infinity,Asus
Asus PadFone Infinity 2,Asus
Asus PadFone mini,Asus
Asus PadFone E,Asus
Asus PadFone Infinity Lite,Asus
Asus ZenFone 5 (2014),Asus
Asus ZenFone 4 (2014),Asus
Asus ZenFone 6 (2014),Asus
Asus PadFone S/X,Asus
Asus ZenFone 4.5 (2014),Asus
Asus ZenFone 5 (2014),Asus
Asus PadFone X mini,Asus
Asus Pegasus (X002),Asus
Asus ZenFone 5 (2015),Asus
Asus ZenFone 2,Asus
Asus ZenFone 3,Asus
Asus ZenFone 4,Asus
Asus ZenFone Max Plus M1,Asus
Asus ZenFone Max M1,Asus
Asus ZenFone Max Pro M1,Asus
Asus ZenFone 5,Asus
Asus ZenFone Live L1,Asus
Asus ROG Phone,Asus
Asus ZenFone Lite L1,Asus
Asus ZenFone Max M2,Asus
Asus ZenFone Max Pro M2,Asus
Asus ZenFone Max Shot,Asus
Asus ZenFone Max Plus M2,Asus
Asus ZenFone Live L2,Asus
Asus ZenFone 6,Asus
Asus ROG Phone II,Asus
Asus ROG Phone 3,Asus
Asus ZenFone 7,Asus
Asus ROG Phone 5,Asus
Asus ZenFone 8,Asus
BlackBerry Priv,BlackBerry Limited
BlackBerry DTEK50,BlackBerry Limited
BlackBerry DTEK60,BlackBerry Limited
BlackBerry Aurora,BlackBerry Mobile
BlackBerry KeyOne,BlackBerry Mobile
BlackBerry Motion,BlackBerry Mobile
BlackBerry Key2,BlackBerry Mobile
BlackBerry Evolve/X,BlackBerry Mobile
BlackBerry Key2 LE,BlackBerry Mobile
BoringPhone,BoringPhone
Ubuntu Edge,Canonical
Cherry Mobile Flare S8 Deluxe,Cherry Mobile
Cherry Mobile Flare S8 Pro,Cherry Mobile
Cherry Mobile Flare S8 Plus,Cherry Mobile
Cherry Mobile Flare S8 Lite,Cherry Mobile
Dior Phone Touch/Dior Revires,Dior
Essential PH-1,Essential Products
Eye,ESTI
Fairphone 1,FairPhone
Fairphone 2,FairPhone
Fairphone 3,FairPhone
Fairphone 3+,FairPhone
Fairphone 4,FairPhone
Freedom Phone,Freedom Phone
Pixel/XL,Google
Pixel 2/XL,Google
Pixel 3/XL,Google
Pixel 3a/XL,Google
Pixel 4/XL,Google
Pixel 4a,Google
Pixel 4a (5G),Google
Pixel 5,Google
Pixel 5a,Google
Pixel 6/Pro,Google
Goophone X,Goophone
Goophone i5C,Goophone
Goophone i5S,Goophone
Goophone i6,Goophone
Goophone i5,Goophone
Goophone 12 Pro,Goophone
Nokia 6,HMD Global
Nokia 3,HMD Global
Nokia 5,HMD Global
Nokia 7,HMD Global
Nokia 8,HMD Global
Nokia 2,HMD Global
Nokia 7 Plus,HMD Global
Nokia 1,HMD Global
Nokia 6.1,HMD Global
Nokia 8 Sirocco,HMD Global
Nokia 3.1,HMD Global
Nokia 5.1 Plus,HMD Global
Nokia 2.1,HMD Global
Nokia 5.1,HMD Global
Nokia 6.1 Plus,HMD Global
Nokia 3.1 Plus,HMD Global
Nokia 7.1,HMD Global
Nokia 8.1,HMD Global
Nokia 9 PureView,HMD Global
Nokia 1 Plus,HMD Global
Nokia 4.2,HMD Global
Nokia 3.2,HMD Global
Nokia 2.2,HMD Global
Nokia 6.2,HMD Global
Nokia 7.2,HMD Global
Nokia 2.3,HMD Global
Nokia C1,HMD Global
Nokia C2,HMD Global
Nokia 1.3,HMD Global
Nokia 5.3,HMD Global
Nokia C2 Tava,HMD Global
Nokia C5 Endi,HMD Global
Nokia C2 Tennen,HMD Global
Nokia C3,HMD Global
Nokia 2.4,HMD Global
Nokia 3.4,HMD Global
Nokia C1 Plus,HMD Global
Nokia 5.4,HMD Global
Nokia 1.4,HMD Global
Nokia C20,HMD Global
Nokia G10,HMD Global
Nokia G20,HMD Global
Nokia X20,HMD Global
Nokia C10,HMD Global
Nokia X10,HMD Global
Nokia C01 Plus,HMD Global
Nokia C20 Plus,HMD Global
Nokia C30,HMD Global
Nokia XR20,HMD Global
Honor V40,Honor
Honor V40 Lite,Honor
Honor Play 5T Youth,Honor
Honor Play 20,Honor
Honor Play 5,Honor
Honor 50/Pro,Honor
Honor 50 SE,Honor
Honor X20 SE,Honor
Honor Play 5T Pro,Honor
Honor Magic3/Pro/Pro+,Honor
Honor X20,Honor
Honor Play 5 Youth,Honor
Honor 50 Lite,Honor
Honor X30 Max/X30i,Honor
Honor 60/Pro,Honor
Honor X30,Honor
Honor Play 30 Plus,Honor
HTC Dream,HTC
HTC Magic,HTC
HTC Hero,HTC
HTC Tattoo,HTC
HTC Desire,HTC
HTC Legend,HTC
HTC Droid Incredible,HTC
HTC Wildfire,HTC
HTC Aria,HTC
HTC Evo 4G,HTC
HTC Evo 4G+,HTC
HTC Desire HD,HTC
HTC Desire Z,HTC
HTC Gratia,HTC
HTC Evo Shift 4G,HTC
HTC Inspire 4G,HTC
HTC Incredible S,HTC
HTC ThunderBolt,HTC
HTC Desire S,HTC
HTC Merge,HTC
HTC Sensation,HTC
HTC Wildfire S,HTC
HTC ChaCha,HTC
HTC Salsa,HTC
HTC Evo 3D,HTC
HTC Amaze 4G,HTC
HTC Explorer,HTC
HTC Sensation XE,HTC
HTC Rhyme,HTC
HTC Raider 4G,HTC
HTC Evo Design 4G,HTC
HTC Sensation XL,HTC
HTC Rezound,HTC
HTC One S,HTC
HTC One V,HTC
HTC One X/XL,HTC
HTC Evo 4G LTE,HTC
HTC One S C2,HTC
HTC Desire C,HTC
HTC Desire V,HTC
HTC Droid Incredible 4G LTE,HTC
HTC Desire VC,HTC
HTC Desire XC,HTC
HTC One XC,HTC
HTC J,HTC
HTC Desire VT,HTC
HTC Desire X,HTC
HTC One VX,HTC
HTC One X+,HTC
HTC Desire SV,HTC
HTC Desire 400,HTC
HTC One SV,HTC
HTC Butterfly,HTC
HTC One (M7),HTC
HTC First,HTC
HTC Desire L/P/Q,HTC
HTC Desire U,HTC
HTC Desire 600,HTC
HTC Desire 200,HTC
HTC Butterfly S,HTC
HTC One Mini,HTC
HTC Desire 500,HTC
HTC One Max,HTC
HTC Desire 601,HTC
HTC Desire 300,HTC
HTC Desire 601 dual sim,HTC
HTC Desire 700,HTC
HTC Desire 501,HTC
HTC Desire 816,HTC
HTC One (M8),HTC
HTC Desire 310,HTC
HTC Desire 610,HTC
HTC Desire 816 dual sim,HTC
HTC One Mini 2,HTC
HTC Desire 210,HTC
HTC Desire 616,HTC
HTC One (E8),HTC
HTC Desire 516,HTC
HTC One Remix,HTC
HTC Butterfly 2,HTC
HTC Desire 510,HTC
HTC Desire 820q,HTC
HTC Desire 612,HTC
HTC One (M8 Eye),HTC
HTC Desire 816G,HTC
HTC Desire 820,HTC
HTC Desire Eye,HTC
HTC Desire 620/G,HTC
HTC Desire 320,HTC
HTC Desire 526G+,HTC
HTC Desire 826,HTC
HTC Desire 626,HTC
HTC Desire 820s,HTC
HTC Desire 626G+,HTC
HTC One M9,HTC
HTC One E9/+,HTC
HTC One M8s,HTC
HTC One M9+,HTC
HTC Desire 326G,HTC
HTC Desire 820G+,HTC
HTC One ME,HTC
HTC Desire 626s,HTC
HTC Desire 526,HTC
HTC Desire 626 (USA),HTC
HTC One M9+ Supreme Camera Edition,HTC
HTC Butterfly 3,HTC
HTC One E9s,HTC
HTC One A9,HTC
HTC Desire 520,HTC
HTC Desire 728,HTC
HTC Desire 828,HTC
HTC One M9s,HTC
HTC One X9,HTC
HTC Desire 530,HTC
HTC Desire 825,HTC
HTC 10,HTC
HTC Desire 830,HTC
HTC One M9 Prime Camera,HTC
HTC Desire 630,HTC
HTC 10 Lifestyle,HTC
HTC One S9,HTC
HTC Desire 628,HTC
HTC Desire 625,HTC
HTC Desire 10 Lifestyle,HTC
HTC Desire 728 Ultra,HTC
HTC One A9s,HTC
HTC 10 evo,HTC
HTC Desire 10 Pro,HTC
HTC Desire 650,HTC
HTC U Play,HTC
HTC U Ultra,HTC
HTC U11,HTC
HTC One X10,HTC
HTC U11+/Life,HTC
HTC U11 EYEs,HTC
HTC U12+,HTC
HTC U12 life,HTC
HTC Desire 12/12+,HTC
HTC Exodus 1,HTC
HTC Desire 12s,HTC
HTC Desire 19+,HTC
HTC U19e,HTC
HTC Wildfire X,HTC
HTC Exodus 1s,HTC
HTC Desire 19s,HTC
HTC Wildfire R70,HTC
HTC Desire 20 Pro,HTC
HTC Wildfire E2,HTC
HTC U20 5G,HTC
HTC Desire 20+,HTC
HTC Desire 21 Pro,HTC
HTC Wildfire E3,HTC
HTC/Google Sooner,HTC/Google
Nexus One,HTC/Google
Honor U8860,Huawei
Honor 2,Huawei
Honor 3,Huawei
Honor 3C,Huawei
Honor 3X,Huawei
Honor 3X Pro,Huawei
Honor 3C 4G,Huawei
Honor 6,Huawei
Honor 3C Play,Huawei
Honor 4 Play,Huawei
Honor Holly,Huawei
Honor 4X,Huawei
Honor 6 Plus,Huawei
Honor 4C,Huawei
Honor Bee,Huawei
Honor 7,Huawei
Honor 7i,Huawei
Honor 5X,Huawei
Honor Holly 2 Plus,Huawei
Honor 5c,Huawei
Honor V8,Huawei
Honor 5A,Huawei
Honor 8,Huawei
Honor Note 8,Huawei
Honor Holly 3,Huawei
Honor 6X,Huawei
Honor Magic,Huawei
Honor 8 Pro,Huawei
Honor 6A,Huawei
Honor 9,Huawei
Honor 6C Pro,Huawei
Honor 7X,Huawei
Honor V10,Huawei
Honor 9 Lite,Huawei
Honor 7A,Huawei
Honor 7C,Huawei
Honor 10,Huawei
Honor 7S,Huawei
Honor 9N,Huawei
Honor Play,Huawei
Honor Note 10,Huawei
Honor 8X/Max,Huawei
Honor 8C,Huawei
Honor Magic 2/3D,Huawei
Honor 10 Lite,Huawei
Honor V20,Huawei
Honor Play 8A,Huawei
Honor 8A Pro,Huawei
Honor 20 lite,Huawei
Honor 20i,Huawei
Honor 20,Huawei
Honor 20 Pro,Huawei
Honor 9X (China),Huawei
Honor 9X Pro,Huawei
Honor Play 3/3e,Huawei
Honor 20S,Huawei
Honor 20 lite (China),Huawei
Honor 9X,Huawei
Honor V30/30 Pro,Huawei
Honor 8A Prime,Huawei
Honor Play 9A,Huawei
Honor 30S,Huawei
Honor Play 4T/Pro,Huawei
Honor 8A 2020,Huawei
Honor 20e,Huawei
Honor 30/Pro/Pro+,Huawei
Honor 9X Lite,Huawei
Honor 9C/9S/9A,Huawei
Honor X10,Huawei
Honor 8S 2020,Huawei
Honor Play4/Pro,Huawei
Honor 30 Lite,Huawei
Honor X10 Max,Huawei
Honor 30i,Huawei
Honor 10X Lite,Huawei
Huawei U8230,Huawei
Huawei U8100,Huawei
Huawei IDEOS,Huawei
Huawei IDEOS X5,Huawei
Huawei Sonic,Huawei
Huawei Ascend P1,Huawei
Huawei STREAM X GL07S,Huawei
Huawei Ascend Mate,Huawei
Huawei Ascend P2,Huawei
Huawei Ascend P6,Huawei
Huawei Ascend Mate 2 4G,Huawei
Huawei Ascend P7,Huawei
Huawei Enjoy 7 Plus,Huawei
Huawei Ascend Mate 7,Huawei
Huawei P8,Huawei
Huawei Mate S,Huawei
Huawei Mate 8,Huawei
Huawei P9,Huawei
Huawei Nova/Plus,Huawei
Huawei Mate 9,Huawei
Huawei P10,Huawei
Huawei Nova 2/Plus,Huawei
Huawei Mate 10 Lite,Huawei
Huawei Mate 10,Huawei
Huawei P20,Huawei
Huawei Nova 3i/P Smart+,Huawei
Huawei Nova 3,Huawei
Huawei Mate 20,Huawei
Huawei Nova 4,Huawei
Huawei Nova 4e,Huawei
Huawei P30,Huawei
Huawei P30 lite,Huawei
Huawei Nova 5/5i/Pro,Huawei
Huawei Nova 5i Pro,Huawei
Huawei Nova 5T,Huawei
Huawei Mate 30,Huawei
Huawei Nova 5z,Huawei
Huawei Nova 6/5G/SE,Huawei
Huawei Y7p,Huawei
Huawei Nova 7i,Huawei
Huawei P40 lite,Huawei
Huawei P40 lite E,Huawei
Huawei P40,Huawei
Huawei Nova 7/Pro/SE,Huawei
Huawei P40 lite 5G,Huawei
Huawei Nova 7 SE 5G Youth,Huawei
Huawei Mate 40,Huawei
Huawei Nova 8 SE,Huawei
Huawei Nova 8 5G/Pro,Huawei
Huawei Mate X2,Huawei
Huawei Nova 8 Pro 4G,Huawei
Huawei Nova 8i,Huawei
Huawei Nova 8 SE Youth,Huawei
Huawei Nova 9,Huawei
Huawei Enjoy 20e,Huawei
Nexus 6P,Huawei/Google
Kodak Ektra (phone),Kodak
Lenovo P780,Lenovo
Lenovo Vibe Z,Lenovo
Lenovo A526,Lenovo
Lenovo Vibe Z2 Pro,Lenovo
Lenovo Vibe Z2,Lenovo
ZUK Z1,Lenovo
Lenovo Vibe P1,Lenovo
Lenovo Vibe K4 Note,Lenovo
Lenovo K5 Note,Lenovo
Lenovo Vibe P1 Turbo,Lenovo
Lenovo Vibe K5/Plus,Lenovo
ZUK Z2,Lenovo
Lenovo Phab 2/Plus/Pro,Lenovo
Lenovo K6/Power/Note,Lenovo
Lenovo P2,Lenovo
Lenovo Z2 Plus,Lenovo
Lenovo Legion Pro,Lenovo
Lenovo Legion Duel,Lenovo
Lenovo Legion 2 Pro,Lenovo
Lenovo Legion Duel 2,Lenovo
LG GW620,LG Electronics
LG Optimus Q,LG Electronics
LG Optimus,LG Electronics
LG Optimus One,LG Electronics
LG Optimus Chic,LG Electronics
LG Optimus 2X,LG Electronics
LG Optimus Black,LG Electronics
LG Optimus 3D,LG Electronics
LG Optimus Slider,LG Electronics
LG Optimus LTE (LU6200),LG Electronics
LG Optimus 4X HD,LG Electronics
LG Optimus LTE (SU640),LG Electronics
LG Optimus L9,LG Electronics
LG Optimus Vu,LG Electronics
LG Optimus G,LG Electronics
LG G2,LG Electronics
LG G Flex,LG Electronics
LG G Pro Lite,LG Electronics
LG Gx,LG Electronics
LG G2 Mini,LG Electronics
LG G Pro 2,LG Electronics
LG G3,LG Electronics
LG G3 Stylus,LG Electronics
LG G Flex 2,LG Electronics
LG G4,LG Electronics
LG V10,LG Electronics
LG K10 (2016),LG Electronics
LG G5,LG Electronics
LG V20,LG Electronics
LG K10 (2017),LG Electronics
LG G6,LG Electronics
LG V30,LG Electronics
LG G7 ThinQ,LG Electronics
LG V35 ThinQ,LG Electronics
LG K10 (2018),LG Electronics
LG V40 ThinQ,LG Electronics
LG G8 ThinQ,LG Electronics
LG V50 ThinQ,LG Electronics
LG Stylo 5,LG Electronics
LG W10/W30,LG Electronics
LG W30 Pro,LG Electronics
LG W10 Alpha,LG Electronics
LG Q51,LG Electronics
LG V60 ThinQ,LG Electronics
LG Velvet,LG Electronics
LG Stylo 6,LG Electronics
LG Q61,LG Electronics
LG K31,LG Electronics
LG Q92 5G,LG Electronics
LG K22,LG Electronics
LG K42/K71,LG Electronics
LG Q31,LG Electronics
LG Wing,LG Electronics
LG Q52,LG Electronics
LG K52/K62,LG Electronics
LG K92 5G,LG Electronics
LG W31/+,LG Electronics
LG W41/+/Pro,LG Electronics
Nexus 4,LG Electronics/Google
Nexus 5,LG Electronics/Google
Nexus 5X,LG Electronics/Google
Marshall London,Marshall Amplification
Meizu M9,Meizu
Meizu MX,Meizu
Meizu MX 4-core,Meizu
Meizu MX2,Meizu
Meizu MX3,Meizu
Meizu MX4,Meizu
Meizu MX4 Pro,Meizu
Meizu M1/1 Note,Meizu
Meizu M2 Note,Meizu
Meizu MX5,Meizu
Meizu M2,Meizu
Meizu PRO 5,Meizu
Meizu M1 Metal,Meizu
Meizu MX5e,Meizu
Meizu M3 Note,Meizu
Meizu PRO 6,Meizu
Meizu M3,Meizu
Meizu M3s,Meizu
Meizu MX6,Meizu
Meizu M3E,Meizu
Meizu U10/20,Meizu
Meizu M3 Max,Meizu
Meizu M5,Meizu
Meizu PRO 6s,Meizu
Meizu M3x,Meizu
Meizu PRO 6 Plus,Meizu
Meizu M5 Note,Meizu
Meizu M5s,Meizu
Meizu E2,Meizu
Meizu M5c,Meizu
Meizu PRO 7/Plus,Meizu
Meizu M6 Note,Meizu
Meizu M6,Meizu
Meizu M6s,Meizu
Meizu E3,Meizu
Meizu 15/Pro/Lite,Meizu
Meizu M8c,Meizu
Meizu M6T,Meizu
Meizu 16th/Plus,Meizu
Meizu 16X,Meizu
Meizu V8/Pro,Meizu
Meizu X8,Meizu
Meizu Note 8,Meizu
Meizu C9/Pro,Meizu
Meizu Note 9,Meizu
Meizu M10,Meizu
Meizu 16s,Meizu
Meizu 16Xs,Meizu
Meizu 16s Pro,Meizu
Meizu 16T,Meizu
Meizu 17/Pro,Meizu
Meizu 18/Pro,Meizu
Meizu 18s/Pro,Meizu
Meizu 18X,Meizu
Surface Duo,Microsoft
Nokia XL,Microsoft Mobile
Nokia X2,Microsoft Mobile
Mode Phone MP1,Mode
Motorola Cliq,Motorola
Motorola Droid,Motorola
Motorola Backflip,Motorola
Motorola Flipout,Motorola
Motorola Droid X,Motorola
Motorola Charm,Motorola
Motorola Droid 2,Motorola
Motorola Defy,Motorola
Motorola Droid Pro,Motorola
Motorola Atrix 4G,Motorola Mobility
Motorola Droid 3,Motorola Mobility
Motorola Droid Bionic,Motorola Mobility
Motorola Atrix 2,Motorola Mobility
Motorola Droid Razr,Motorola Mobility
Motorola Droid 4,Motorola Mobility
Motorola Atrix HD,Motorola Mobility
Motorola Photon Q,Motorola Mobility
Motorola Droid Razr M,Motorola Mobility
Motorola Droid Razr HD,Motorola Mobility
Motorola Droid Maxx,Motorola Mobility
Motorola Droid Mini,Motorola Mobility
Moto X (1st generation),Motorola Mobility
Moto G (1st generation),Motorola Mobility
Moto E (1st generation),Motorola Mobility
Moto G (2nd generation),Motorola Mobility
Moto X (2nd generation),Motorola Mobility
Motorola Droid Turbo,Motorola Mobility
Moto E (2nd generation),Motorola Mobility
Moto G (3rd generation),Motorola Mobility
Moto X Play,Motorola Mobility
Moto X Style,Motorola Mobility
Moto G4,Motorola Mobility
Moto E3,Motorola Mobility
Moto Z,Motorola Mobility
Moto Z Play,Motorola Mobility
Moto G5,Motorola Mobility
Moto C,Motorola Mobility
Moto E4,Motorola Mobility
Moto Z2 Play,Motorola Mobility
Moto Z2 Force,Motorola Mobility
Moto X4,Motorola Mobility
Moto E5,Motorola Mobility
Moto G6,Motorola Mobility
Moto Z3 Play,Motorola Mobility
Moto Z3,Motorola Mobility
Motorola One/One Power,Motorola Mobility
Moto G7,Motorola Mobility
Motorola One Vision,Motorola Mobility
Moto Z4,Motorola Mobility
Motorola One Zoom,Motorola Mobility
Moto G8 Plus,Motorola Mobility
Motorola One Macro,Motorola Mobility
Motorola One Action,Motorola Mobility
Motorola Razr (4G),Motorola Mobility
Motorola One Hyper,Motorola Mobility
Moto G8 Power,Motorola Mobility
Moto G Power/Stylus,Motorola Mobility
Moto G8,Motorola Mobility
Moto E6s (2020),Motorola Mobility
Moto G8 Power Lite,Motorola Mobility
Motorola Edge/Edge+,Motorola Mobility
Moto G Pro,Motorola Mobility
Moto E (2020),Motorola Mobility
Moto G Fast,Motorola Mobility
Motorola One Fusion+,Motorola Mobility
Motorola One Fusion,Motorola Mobility
Moto G 5G Plus,Motorola Mobility
Moto G9 Play,Motorola Mobility
Moto G9 Plus,Motorola Mobility
Moto E7 Plus,Motorola Mobility
Motorola Razr (5G),Motorola Mobility
Moto G9 Power,Motorola Mobility
Moto G 5G,Motorola Mobility
Moto E7,Motorola Mobility
Moto G Play (2021),Motorola Mobility
Moto G Power (2021),Motorola Mobility
Moto G Stylus (2021),Motorola Mobility
Moto E6i,Motorola Mobility
Moto E7 Power,Motorola Mobility
Moto G10,Motorola Mobility
Moto G30,Motorola Mobility
Moto G10 Power,Motorola Mobility
Moto G50,Motorola Mobility
Moto G100,Motorola Mobility
Moto G60,Motorola Mobility
Moto G40 Fusion,Motorola Mobility
Moto G20,Motorola Mobility
Moto G Stylus 5G,Motorola Mobility
Motorola Defy (2021),Motorola Mobility
Moto G50 5G,Motorola Mobility
Moto G60S,Motorola Mobility
Motorola Edge 20,Motorola Mobility
Motorola Edge (2021),Motorola Mobility
Nexus 6,Motorola Mobility/Google
MyPhone myA1 Plus,MyPhone
MyPhone myA17,MyPhone
MyPhone myA18,MyPhone
MyPhone myP1,MyPhone
MyPhone myG1,MyPhone
MyPhone myXl1,MyPhone
MyPhone myXl1 Pro,MyPhone
MyPhone myXl1 Plus,MyPhone
MyPhone myX12,MyPhone
MyPhone myXl3,MyPhone
Nextbit Robin,Nextbit
Nokia X,Nokia
OnePlus One,OnePlus
OnePlus 2,OnePlus
OnePlus X,OnePlus
OnePlus 3,OnePlus
OnePlus 3T,OnePlus
OnePlus 5,OnePlus
OnePlus 5T,OnePlus
OnePlus 6,OnePlus
OnePlus 6T,OnePlus
OnePlus 7,OnePlus
OnePlus 7 Pro,OnePlus
OnePlus 7T,OnePlus
OnePlus 7T Pro,OnePlus
OnePlus 8,OnePlus
OnePlus 8 Pro,OnePlus
OnePlus Nord,OnePlus
OnePlus 8T,OnePlus
OnePlus Nord N10 5G,OnePlus
OnePlus Nord N100,OnePlus
OnePlus 9,OnePlus
OnePlus 9 Pro,OnePlus
OnePlus Nord CE 5G,OnePlus
OnePlus Nord N200 5G,OnePlus
OnePlus Nord 2 5G,OnePlus
Oppo Find,Oppo
Oppo Find 5,Oppo
Oppo N1,Oppo
Oppo Find 5 Mini,Oppo
Oppo Neo,Oppo
Oppo Find 7/7a,Oppo
Oppo Joy,Oppo
Oppo N1 mini,Oppo
Oppo Neo 3/5,Oppo
Oppo N3,Oppo
Oppo Joy Plus,Oppo
Oppo Neo 5s,Oppo
Oppo R7,Oppo
Oppo Neo 5 (2015),Oppo
Oppo Joy 3,Oppo
Oppo Neo 7,Oppo
Oppo F1,Oppo
Oppo R11,Oppo
Oppo F7,Oppo
Oppo R15 Pro,Oppo
Oppo Find X,Oppo
Oppo F9,Oppo
Oppo R17,Oppo
Oppo Reno,Oppo
Oppo Reno2,Oppo
Oppo A9 (2020),Oppo
Oppo Reno3 5G/Pro 5G,Oppo
Oppo Reno3 Pro,Oppo
Oppo Find X2/Pro,Oppo
Oppo Reno3,Oppo
Oppo Ace2,Oppo
Oppo A12,Oppo
Oppo A52,Oppo
Oppo A72/A92s,Oppo
Oppo Find X2 Lite/Neo,Oppo
Oppo A92,Oppo
Oppo Reno4 5G/Pro 5G,Oppo
Oppo A12s,Oppo
Oppo A72 5G,Oppo
Oppo Reno4/Pro,Oppo
Oppo F17/Pro,Oppo
Oppo Reno4 SE,Oppo
Oppo Reno4 Lite,Oppo
Oppo Reno4 Z 5G,Oppo
Oppo A93/Reno4 F,Oppo
Oppo A73,Oppo
Oppo A73 5G,Oppo
Oppo Reno5 5G/Pro 5G/Pro+ 5G,Oppo
Oppo Reno5,Oppo
Oppo Find X3/Pro,Oppo
Oppo Find X3 Neo/Lite,Oppo
Palm,"Palm, Inc."
Panasonic P100,Panasonic
Pepsi P1/P1S,Pepsi
Q Phone,Qoobex
Razer Phone,Razer Inc.
Razer Phone 2,Razer Inc.
Realme 1,Realme
Realme 2,Realme
Realme C1,Realme
Realme 2 Pro,Realme
Realme U1,Realme
Realme 3,Realme
Realme C2,Realme
Realme 3 Pro,Realme
Realme X,Realme
Realme 3i,Realme
Realme 5,Realme
Realme 5 Pro,Realme
Realme XT,Realme
Realme X2,Realme
Realme X2 Pro,Realme
Realme 5i,Realme
Realme X50,Realme
Realme C3,Realme
Realme X50 Pro,Realme
Realme 6,Realme
Realme 6 Pro,Realme
Realme 6i,Realme
Realme X50 Pro Player,Realme
Realme X3 SuperZoom,Realme
Realme Narzo,Realme
Realme C3i,Realme
Realme X3,Realme
Realme C11,Realme
Realme C15,Realme
Realme V5,Realme
Realme C12,Realme
Realme V3,Realme
Realme X7/Pro,Realme
Realme 7 (Asia)/Pro,Realme
Realme 7i,Realme
Realme C17,Realme
Realme Narzo 20/Pro/20A,Realme
Realme 7 (Global),Realme
Realme Q2/Pro/2i,Realme
Realme 7 5G,Realme
Realme 7i (Global),Realme
Realme V15,Realme
Realme C20,Realme
Realme X7 (India),Realme
Realme V11,Realme
Realme Narzo 30 Pro/30A,Realme
Realme C21,Realme
Realme GT,Realme
Realme C25,Realme
Realme 8/Pro,Realme
Realme V13,Realme
Realme GT Neo,Realme
Realme X7 Pro Ultra,Realme
Realme 8 5G,Realme
Realme Q3/Pro/3i,Realme
Realme C20A,Realme
Realme narzo 30,Realme
Realme GT Neo Flash,Realme
Realme Q3 Pro Carnival,Realme
Realme narzo 30 5G,Realme
Realme X7 Max,Realme
Realme C25s,Realme
Realme C11 2021,Realme
Realme C21Y,Realme
Realme GT Master Edition,Realme
Realme GT Explorer Master Edition,Realme
Realme 8i/8s 5G,Realme
Realme C25Y,Realme
Realme GT Neo2,Realme
Realme V11s,Realme
Realme narzo 50A/50i,Realme
Realme Q3s,Realme
Realme GT Neo2T,Realme
Realme Q3t,Realme
Samsung Galaxy,Samsung Electronics
Samsung Galaxy S1,Samsung Electronics
Samsung Galaxy S2,Samsung Electronics
Samsung Galaxy Xcover,Samsung Electronics
Samsung Galaxy Note,Samsung Electronics
Samsung Galaxy Y DUOS,Samsung Electronics
Samsung Galaxy S3,Samsung Electronics
Samsung Galaxy Beam,Samsung Electronics
Samsung Galaxy Note 2,Samsung Electronics
Samsung Galaxy Xcover 2,Samsung Electronics
Samsung Galaxy S4,Samsung Electronics
Samsung Galaxy S4 Zoom,Samsung Electronics
Samsung Galaxy Note 3,Samsung Electronics
Samsung Galaxy Note 3 Neo,Samsung Electronics
Samsung Galaxy S5,Samsung Electronics
Samsung Galaxy Beam 2,Samsung Electronics
Samsung Galaxy Alpha,Samsung Electronics
Samsung Galaxy Grand Prime,Samsung Electronics
Samsung Galaxy Note 4,Samsung Electronics
Samsung Galaxy Note Edge,Samsung Electronics
Samsung Galaxy A5 Duos,Samsung Electronics
Samsung Galaxy A5,Samsung Electronics
Samsung Galaxy A3/Duos,Samsung Electronics
Samsung Galaxy E7,Samsung Electronics
Samsung Galaxy A7/Duos,Samsung Electronics
Samsung Galaxy S6/Edge,Samsung Electronics
Samsung Galaxy Xcover 3,Samsung Electronics
Samsung Galaxy A8/Duos,Samsung Electronics
Samsung Galaxy Note 5,Samsung Electronics
Samsung Galaxy S6 Edge+,Samsung Electronics
Samsung Galaxy A3 (2016)/A5 (2016)/A7 (2016),Samsung Electronics
Samsung Galaxy A9 (2016),Samsung Electronics
Samsung Galaxy S7/Edge,Samsung Electronics
Samsung Galaxy Xcover 3 G389F,Samsung Electronics
Samsung Galaxy A9 Pro (2016),Samsung Electronics
Samsung Galaxy C7,Samsung Electronics
Samsung Galaxy Note 7,Samsung Electronics
Samsung Galaxy A8 (2016),Samsung Electronics
Samsung Galaxy C9 Pro,Samsung Electronics
Samsung Galaxy A3 (2017)/A5 (2017)/A7 (2017),Samsung Electronics
Samsung Galaxy Xcover 4,Samsung Electronics
Samsung Galaxy S8/+,Samsung Electronics
Samsung Galaxy Note FE,Samsung Electronics
Samsung Galaxy Note 8,Samsung Electronics
Samsung Galaxy C8,Samsung Electronics
Samsung Galaxy C5,Samsung Electronics
Samsung Galaxy A8 (2018)/+,Samsung Electronics
Samsung Galaxy S9/+,Samsung Electronics
Samsung Galaxy A6/+,Samsung Electronics
Samsung Galaxy A8 Star,Samsung Electronics
Samsung Galaxy Note 9,Samsung Electronics
Samsung Galaxy A7 (2018),Samsung Electronics
Samsung Galaxy A9 (2018),Samsung Electronics
Samsung Galaxy A6s,Samsung Electronics
Samsung Galaxy A8s,Samsung Electronics
Samsung Galaxy A10,Samsung Electronics
Samsung Galaxy A30,Samsung Electronics
Samsung Galaxy A50,Samsung Electronics
Samsung Galaxy S10/e/+,Samsung Electronics
Samsung Galaxy S10 5G,Samsung Electronics
Samsung Galaxy A20/A40,Samsung Electronics
Samsung Galaxy A2 Core,Samsung Electronics
Samsung Galaxy A20e,Samsung Electronics
Samsung Galaxy A70,Samsung Electronics
Samsung Galaxy A80,Samsung Electronics
Samsung Galaxy A60,Samsung Electronics
Samsung Galaxy Xcover 4s,Samsung Electronics
Samsung Galaxy A10e,Samsung Electronics
Samsung Galaxy Note 10/+,Samsung Electronics
Samsung Galaxy A10s,Samsung Electronics
Samsung Galaxy A30s/A50s,Samsung Electronics
Samsung Galaxy A90 5G,Samsung Electronics
Samsung Galaxy A70s,Samsung Electronics
Samsung Galaxy Fold,Samsung Electronics
Samsung Galaxy A20s,Samsung Electronics
Samsung Galaxy A51/A71,Samsung Electronics
Samsung Galaxy A01,Samsung Electronics
Samsung Galaxy Xcover Pro,Samsung Electronics
Samsung Galaxy Z Flip,Samsung Electronics
Samsung Galaxy S20/+/Ultra,Samsung Electronics
Samsung Galaxy Xcover FieldPro,Samsung Electronics
Samsung Galaxy A31,Samsung Electronics
Samsung Galaxy A11,Samsung Electronics
Samsung Galaxy A41,Samsung Electronics
Samsung Galaxy A51 5G/A71 5G,Samsung Electronics
Samsung Galaxy A21,Samsung Electronics
Samsung Galaxy A21s,Samsung Electronics
Samsung Galaxy A71 5G UW,Samsung Electronics
Samsung Galaxy Z Flip 5G,Samsung Electronics
Samsung Galaxy Note 20/Ultra,Samsung Electronics
Samsung Galaxy Z Fold 2,Samsung Electronics
Samsung Galaxy A01 Core,Samsung Electronics
Samsung Galaxy A51 5G UW,Samsung Electronics
Samsung Galaxy A42 5G,Samsung Electronics
Samsung Galaxy S20 FE,Samsung Electronics
Samsung Galaxy F41,Samsung Electronics
Samsung Galaxy M21s,Samsung Electronics
Samsung Galaxy A12,Samsung Electronics
Samsung Galaxy A02s/M02s,Samsung Electronics
Samsung Galaxy A32 5G,Samsung Electronics
Samsung Galaxy S21,Samsung Electronics
Samsung Galaxy S21+,Samsung Electronics
Samsung Galaxy S21 Ultra,Samsung Electronics
Samsung Galaxy A02,Samsung Electronics
Samsung Galaxy M02,Samsung Electronics
Samsung Galaxy M12,Samsung Electronics
Samsung Galaxy F62,Samsung Electronics
Samsung Galaxy M62,Samsung Electronics
Samsung Galaxy A32,Samsung Electronics
Samsung Galaxy Xcover 5,Samsung Electronics
Samsung Galaxy A52/A52 5G,Samsung Electronics
Samsung Galaxy A72,Samsung Electronics
Samsung Galaxy F02s,Samsung Electronics
Samsung Galaxy F12,Samsung Electronics
Samsung Galaxy Quantum 2,Samsung Electronics
Samsung Galaxy F52 5G,Samsung Electronics
Samsung Galaxy M32,Samsung Electronics
Samsung Galaxy A22/A22 5G,Samsung Electronics
Samsung Galaxy Z Fold 3/Z Flip 3,Samsung Electronics
Samsung Galaxy M52 5G,Samsung Electronics
Nexus S,Samsung Electronics/Google
Galaxy Nexus,Samsung Electronics/Google
Sony Ericsson Xperia X10,Sony Ericsson
Sony Ericsson Xperia X8,Sony Ericsson
Sony Ericsson Xperia Play,Sony Ericsson
Sony Ericsson Xperia pro,Sony Ericsson
Sony Xperia Z,Sony Mobile
Sony Xperia Z Ultra,Sony Mobile
Sony Xperia Z1,Sony Mobile
Sony Xperia Z1 Compact,Sony Mobile
Sony Xperia Z2,Sony Mobile
Sony Xperia Z3/Compact,Sony Mobile
Sony Xperia Z4,Sony Mobile
Sony Xperia Z5/Compact,Sony Mobile
Sony Xperia Z5 Premium,Sony Mobile
Sony Xperia X/Performance,Sony Mobile
Sony Xperia XA,Sony Mobile
Sony Xperia XA Ultra,Sony Mobile
Sony Xperia X Compact,Sony Mobile
Sony Xperia XZ,Sony Mobile
Sony Xperia XZs/Premium,Sony Mobile
Sony Xperia XA1,Sony Mobile
Sony Xperia XA1 Ultra,Sony Mobile
Sony Xperia L1,Sony Mobile
Sony Xperia XZ1/Compact,Sony Mobile
Sony Xperia XA1 Plus,Sony Mobile
Sony Xperia L2,Sony Mobile
Sony Xperia XA2/Ultra,Sony Mobile
Sony Xperia XZ2/Compact,Sony Mobile
Sony Xperia XZ2 Premium,Sony Mobile
Sony Xperia XZ3,Sony Mobile
Sony Xperia XA2 Plus,Sony Mobile
Sony Xperia 10/10 Plus,Sony Mobile
Sony Xperia L3,Sony Mobile
Sony Xperia 1,Sony Mobile
Sony Xperia 5,Sony Mobile
Sony Xperia 8,Sony Mobile
Sony Xperia L4,Sony Mobile
Sony Xperia 1 II,Sony Mobile
Sony Xperia 10 II,Sony Mobile
Sony Xperia 5 II,Sony Mobile
Sony Xperia Pro,Sony Mobile
Sony Xperia 10 III,Sony Mobile
Sony Xperia 5 III,Sony Mobile
Sony Xperia 1 III,Sony Mobile
T-Mobile G1,T-Mobile
TCL Plex,TCL
TCL 10L,TCL
TCL 10 Pro,TCL
TCL 10 SE,TCL
TCL 10 5G,TCL
TCL 10 Plus,TCL
Tecno Phantom 6/Plus,Tecno Mobile
Tecno Camon CX,Tecno Mobile
Tecno Camon CX Air,Tecno Mobile
Tecno Spark,Tecno Mobile
Tecno Spark Plus,Tecno Mobile
Tecno Phantom 8,Tecno Mobile
Tecno Spark Pro,Tecno Mobile
Tecno Camon CM,Tecno Mobile
Tecno Spark CM,Tecno Mobile
Tecno Camon X/Pro,Tecno Mobile
Tecno Spark 2,Tecno Mobile
Tecno Camon 11/Pro,Tecno Mobile
Tecno Camon iACE2/2X,Tecno Mobile
Tecno Spark 3/Pro,Tecno Mobile
Tecno Phantom 9,Tecno Mobile
Tecno Spark Go,Tecno Mobile
Tecno Spark 4/Air/Lite,Tecno Mobile
Tecno Camon 12,Tecno Mobile
Tecno Camon 12 Pro,Tecno Mobile
Tecno Camon 12 Air,Tecno Mobile
Tecno Camon 15/Pro,Tecno Mobile
Tecno Camon 15 Air/Premier,Tecno Mobile
Tecno Spark 5,Tecno Mobile
Tecno Spark 5 Air,Tecno Mobile
Tecno Spark 5 Pro,Tecno Mobile
Tecno Spark Power 2,Tecno Mobile
Tecno Pouvoir 4/Pro,Tecno Mobile
Tecno Camon 16 Premier,Tecno Mobile
Tecno Spark 6 Air,Tecno Mobile
Tecno Spark 6,Tecno Mobile
Tecno Camon 16,Tecno Mobile
Tecno Pova,Tecno Mobile
Vivo X1,Vivo
Vivo X3,Vivo
Vivo X3S,Vivo
Vivo X5/Max,Vivo
Vivo X5Max+,Vivo
Vivo X5Pro,Vivo
Vivo X5Max Platinum,Vivo
Vivo V1,Vivo
Vivo V1 Max,Vivo
Vivo X6/Plus,Vivo
Vivo X6S/Plus,Vivo
Vivo V3/Max,Vivo
Vivo X7/Plus,Vivo
Vivo X9/Plus,Vivo
Vivo V5,Vivo
Vivo V5 Plus,Vivo
Vivo V5 Lite/Y66,Vivo
Vivo V5s,Vivo
Vivo X9s/Plus,Vivo
Vivo V7+,Vivo
Vivo X20/Plus,Vivo
Vivo V7,Vivo
Vivo X20 Plus UD,Vivo
Vivo X21/UD,Vivo
Vivo V9/Youth,Vivo
Vivo X21i,Vivo
Vivo NEX,Vivo
Vivo V11,Vivo
Vivo X23,Vivo
Vivo V11i,Vivo
Vivo NEX Dual Display,Vivo
Vivo V15/Pro,Vivo
Vivo X27/Pro,Vivo
Vivo V17 Neo,Vivo
Vivo NEX 3,Vivo
Vivo V17 Pro,Vivo
Vivo V17,Vivo
Vivo X30/Pro,Vivo
Vivo NEX 3S,Vivo
Vivo V19,Vivo
Vivo X50 Lite,Vivo
Vivo X50/Pro/Pro+,Vivo
Vivo V19 Neo,Vivo
Vivo V20 Pro,Vivo
Vivo X50e,Vivo
Vivo V20 SE,Vivo
Vivo V20,Vivo
Vivo X51,Vivo
Vivo V20 (2021),Vivo
Vivo X60/Pro/Pro+,Vivo
Redmi 1,Xiaomi
Redmi 1S,Xiaomi
Redmi Note (3G),Xiaomi
Redmi Note 4G,Xiaomi
Redmi Note Prime,Xiaomi
Redmi 2,Xiaomi
Redmi 2A,Xiaomi
Redmi 2 Prime,Xiaomi
Redmi Note 2,Xiaomi
Redmi 2 Pro,Xiaomi
Redmi Note 3 (MTK),Xiaomi
Redmi 3,Xiaomi
Redmi Note 3/Pro,Xiaomi
Redmi 3 Pro,Xiaomi
Redmi 3S,Xiaomi
Redmi 3X,Xiaomi
Redmi 3S Prime,Xiaomi
Redmi Pro,Xiaomi
Redmi Note 4 (MTK),Xiaomi
Redmi 4/Pro/Prime,Xiaomi
Redmi 4A,Xiaomi
Redmi Note 4/4X,Xiaomi
Redmi 4X,Xiaomi
Redmi Note 5A/Prime,Xiaomi
Redmi 5A,Xiaomi
Redmi 5/5 Plus,Xiaomi
Redmi Note 5 Pro,Xiaomi
Redmi Note 5,Xiaomi
Redmi S2/Y2,Xiaomi
Redmi 6/6A/6 Pro,Xiaomi
Redmi Note 6 Pro,Xiaomi
Redmi Note 7,Xiaomi
Redmi Go,Xiaomi
Redmi Note 7 Pro,Xiaomi
Redmi 7,Xiaomi
Redmi Y3,Xiaomi
Redmi 7A,Xiaomi
Redmi K20/Pro,Xiaomi
Redmi Note 8/Pro,Xiaomi
Redmi 8A,Xiaomi
Redmi 8,Xiaomi
Redmi Note 8T,Xiaomi
Redmi K30/5G,Xiaomi
Redmi 8A Dual,Xiaomi
Redmi Note 9 Pro (India)/Pro Max/9S,Xiaomi
Redmi K30 Pro/Pro Zoom,Xiaomi
Redmi Note 9/Pro (Global),Xiaomi
Redmi 10X/Pro,Xiaomi
Redmi 9,Xiaomi
Redmi 9A,Xiaomi
Redmi 9C,Xiaomi
Redmi 9 Prime,Xiaomi
Redmi K30 Ultra,Xiaomi
Redmi K30S,Xiaomi
Redmi Note 9 4G/5G/Pro 5G,Xiaomi
Redmi 9 Power,Xiaomi
Redmi 9T/Note 9T,Xiaomi
Redmi K40/Pro/Pro+,Xiaomi
Redmi Note 10/Pro/Pro Max,Xiaomi
Redmi Note 10S/5G,Xiaomi
Redmi K40 Gaming,Xiaomi
Redmi Note 8 2021,Xiaomi
Redmi Note 10 Pro 5G,Xiaomi
Redmi Note 10T,Xiaomi
Redmi Note 10 JE,Xiaomi
Redmi 10,Xiaomi
Redmi 10 Prime,Xiaomi
Redmi 9 Activ,Xiaomi
Redmi 9A Sport/9i Sport,Xiaomi
Redmi Note 10 Lite,Xiaomi
Redmi Note 11 5G/Pro/Pro+,Xiaomi
Redmi Note 11 4G,Xiaomi
Redmi Note 11T,Xiaomi
Xiaomi Mi 1,Xiaomi
Xiaomi Mi 1S,Xiaomi
Xiaomi Mi 2,Xiaomi
Xiaomi Mi 2S/A,Xiaomi
Xiaomi Mi 3/TD,Xiaomi
Xiaomi Mi 4,Xiaomi
Xiaomi Mi Note,Xiaomi
Xiaomi Mi Note Pro,Xiaomi
Xiaomi Mi 4i,Xiaomi
Xiaomi Mi 4c,Xiaomi
Xiaomi Mi 4S,Xiaomi
Xiaomi Mi 5,Xiaomi
Xiaomi Mi Max/Pro,Xiaomi
Xiaomi Mi 5s/Plus,Xiaomi
Xiaomi Mi Note 2,Xiaomi
Xiaomi Mi MIX,Xiaomi
Xiaomi Mi 5c,Xiaomi
Xiaomi Mi 6,Xiaomi
Xiaomi Mi Max 2,Xiaomi
Xiaomi Mi 5X/Mi A1,Xiaomi
Xiaomi Mi Note 3,Xiaomi
Xiaomi Mi MIX 2,Xiaomi
Xiaomi Mi MIX 2S,Xiaomi
Xiaomi Mi 6X/Mi A2,Xiaomi
Xiaomi Black Shark,Xiaomi
Xiaomi Mi 8/SE/EE,Xiaomi
Xiaomi Mi Max 3,Xiaomi
Xiaomi Pocophone F1,Xiaomi
Xiaomi Mi 8 Pro/Lite,Xiaomi
Xiaomi Mi MIX 3,Xiaomi
Xiaomi Black Shark Helo,Xiaomi
Xiaomi Mi Play,Xiaomi
Xiaomi Mi 9/SE,Xiaomi
Xiaomi Black Shark 2,Xiaomi
Xiaomi Mi MIX 3 5G,Xiaomi
Xiaomi Mi 9T,Xiaomi
Xiaomi Mi A3,Xiaomi
Xiaomi Mi 9T Pro,Xiaomi
Xiaomi Black Shark 2 Pro,Xiaomi
Xiaomi Mi 9 Lite,Xiaomi
Xiaomi Mi 9 Pro/Pro 5G,Xiaomi
Xiaomi Mi Note 10/Pro,Xiaomi
POCO X2,Xiaomi
Xiaomi Mi 10/Pro,Xiaomi
Xiaomi Black Shark 3/Pro,Xiaomi
Xiaomi Mi 10 Lite,Xiaomi
Xiaomi Mi 10 Youth,Xiaomi
Xiaomi Mi Note 10 Lite,Xiaomi
POCO M2 Pro,Xiaomi
Xiaomi Mi 10 Ultra,Xiaomi
POCO X3 NFC,Xiaomi
POCO M2,Xiaomi
POCO X3,Xiaomi
Xiaomi Mi 10T/Pro/Lite,Xiaomi
POCO C3,Xiaomi
POCO M3,Xiaomi
Xiaomi Mi 11,Xiaomi
Xiaomi Mi 10i,Xiaomi
Xiaomi Mi 10S,Xiaomi
POCO X3 Pro,Xiaomi
POCO F3,Xiaomi
Xiaomi Black Shark 4/Pro,Xiaomi
Xiaomi Mi 11 Pro/Ultra/11i,Xiaomi
Xiaomi Mi 11 Lite/Lite 5G,Xiaomi
Xiaomi Mi MIX Fold,Xiaomi
POCO M2 Reloaded,Xiaomi
Xiaomi Mi 11X/Pro,Xiaomi
POCO M3 Pro,Xiaomi
POCO F3 GT,Xiaomi
POCO X3 GT,Xiaomi
Xiaomi MIX 4,Xiaomi
Xiaomi 11T/Pro,Xiaomi
Xiaomi 11 Lite 5G NE,Xiaomi
YotaPhone,Yota
YotaPhone 2,Yota
Nubia Z5,ZTE
Nubia Z5S,ZTE
Nubia Z5S mini NX403A,ZTE
Nubia X6,ZTE
Nubia Z7/Max/mini,ZTE
Nubia Z5S mini NX405H,ZTE
Nubia Z9 Max,ZTE
Nubia Z9 mini,ZTE
Nubia Z9,ZTE
Nubia My Prague,ZTE
Nubia Prague S,ZTE
Nubia Z11 mini,ZTE
Nubia Z11 Max,ZTE
Nubia Z11,ZTE
Nubia N1,ZTE
Nubia Z11 mini S,ZTE
Nubia M2/lite,ZTE
Nubia N2,ZTE
Nubia N1 lite,ZTE
Nubia Z17 mini,ZTE
Nubia Z17,ZTE
Nubia Z17 lite,ZTE
Nubia Z17 miniS,ZTE
Nubia Z17s,ZTE
Nubia N3,ZTE
Nubia V18,ZTE
Nubia Z18 mini,ZTE
Nubia Red Magic,ZTE
Nubia Z18,ZTE
Nubia X,ZTE
Nubia Red Magic Mars,ZTE
Nubia Red Magic 3,ZTE
Nubia Z20,ZTE
Nubia Red Magic 3s,ZTE
Nubia Red Magic 5G,ZTE
Nubia Play,ZTE
Nubia Red Magic 5G Lite,ZTE
Nubia Red Magic 5S,ZTE
Nubia Red Magic 6/Pro,ZTE
ZTE Racer,ZTE
ZTE Blade,ZTE
ZTE Libra,ZTE
ZTE Racer II,ZTE
ZTE Skate,ZTE
ZTE Score,ZTE
ZTE Warp,ZTE
ZTE Avail,ZTE
ZTE FTV Phone,ZTE
ZTE Blade II V880+,ZTE
ZTE Score M,ZTE
ZTE V880E,ZTE
ZTE Kis V788,ZTE
ZTE Grand X,ZTE
ZTE Grand X IN,ZTE
ZTE Blade III,ZTE
ZTE Grand Era,ZTE
ZTE Warp Sequent,ZTE
ZTE Grand X LTE,ZTE
ZTE Flash,ZTE
ZTE Groove X501,ZTE
ZTE Kis III V790,ZTE
ZTE N910,ZTE
ZTE Era,ZTE
ZTE V887,ZTE
ZTE V889M,ZTE
ZTE Avid 4G,ZTE
ZTE Grand S,ZTE
ZTE Director,ZTE
ZTE Blade C V807,ZTE
ZTE Blade III Pro,ZTE
ZTE Blade G V880G,ZTE
ZTE Blade G2,ZTE
ZTE Blade V,ZTE
ZTE Blade Q/Maxi/Mini,ZTE
ZTE Blade L2,ZTE
ZTE Blade Vec 3G/4G,ZTE
ZTE Blade S6,ZTE
ZTE Blade G/Lux,ZTE
ZTE Blade L3,ZTE
ZTE Blade L3 Plus,ZTE
ZTE Blade S6 Plus,ZTE
ZTE Blade Qlux 4G,ZTE
ZTE Blade Q Pro,ZTE
ZTE Blade Apex 3,ZTE
ZTE Blade A410,ZTE
ZTE Blade A460,ZTE
ZTE Axon Pro/Lux,ZTE
ZTE Blade D6,ZTE
ZTE Axon Elite,ZTE
ZTE Axon mini,ZTE
ZTE Blade S7,ZTE
ZTE Axon,ZTE
ZTE Blade X3/5/9,ZTE
ZTE Axon Max,ZTE
ZTE Blade V7/Lite,ZTE
ZTE Axon 7,ZTE
ZTE Axon 7 mini,ZTE
ZTE Axon 7 Max,ZTE
ZTE Axon 7s,ZTE
ZTE Maven 2,ZTE
ZTE Blade A6,ZTE
ZTE Axon M,ZTE
ZTE Blade X,ZTE
ZTE Blade A3,ZTE
ZTE Tempo Go,ZTE
ZTE Blade V9/Vita,ZTE
ZTE Axon 9 Pro,ZTE
ZTE Blade A7 Vita,ZTE
ZTE Blade V10/Vita,ZTE
ZTE Axon 10 Pro/5G,ZTE
ZTE Blade L8,ZTE
ZTE Blade A3 (2019),ZTE
ZTE Blade A7,ZTE
ZTE Blade A5 (2019),ZTE
ZTE Blade A20,ZTE
ZTE Blade 10 Prime,ZTE
ZTE Blade A7 Prime,ZTE
ZTE Blade Max View,ZTE
ZTE Axon 10s Pro 5G,ZTE
ZTE Axon 11 4G/5G,ZTE
ZTE Blade V 2020,ZTE
ZTE Axon 11 SE 5G,ZTE
ZTE Axon 20 5G,ZTE
ZTE Blade A7s 2020,ZTE
ZTE Blade 20 5G,ZTE
ZTE Axon 20 4G,ZTE
ZTE S30/Pro/SE,ZTE
ZTE Axon 30 Pro/Ultra,ZTE
ZTE Blade 11 Prime,ZTE
ZTE Blade A51,ZTE
ZTE Blade A31,ZTE
ZTE Axon 30,ZTE
ZTE Blade A71,ZTE
ZTE Blade L9,ZTE
ZTE Blade A31 Plus,ZTE
ZTE Voyage 20 Pro,ZTE